    <cac:AdditionalDocumentReference>
        <cbc:ID>QR</cbc:ID>
        <cac:Attachment>
            <cbc:EmbeddedDocumentBinaryObject mimeCode="text/plain">SET_QR_CODE_DATA</cbc:EmbeddedDocumentBinaryObject>
        </cac:Attachment>
    </cac:AdditionalDocumentReference>
    <cac:Signature>
        <cbc:ID>urn:oasis:names:specification:ubl:signature:Invoice</cbc:ID>
        <cbc:SignatureMethod>urn:oasis:names:specification:ubl:dsig:enveloped:xades</cbc:SignatureMethod>
    </cac:Signature>
